"Series"	"Observation"	"Variable"	"Measurement"	"Measurement2"
1	"observation01"	"variable01"	0.0388589822687209	0.0961412069154903
1	"observation01"	"variable02"	0.954830281669274	0.00101871956139803
1	"observation01"	"variable03"	0.199079865589738	0.0995174468262121
1	"observation01"	"variable04"	0.330021105706692	0.0592220300575718
1	"observation01"	"variable05"	0.501066328492016	0.0182470930274576
1	"observation01"	"variable06"	0.995334065053612	0.0316378185758367
1	"observation01"	"variable07"	0.408148185350001	0.0354915735078976
1	"observation01"	"variable08"	0.0741371291223913	0.0833611322566867
1	"observation01"	"variable09"	0.363543778192252	0.0337293255142868
1	"observation01"	"variable10"	0.241960740881041	0.0431364793330431
1	"observation02"	"variable01"	0.64811759092845	0.0682775801513344
1	"observation02"	"variable02"	0.960830220021307	0.0299602492712438
1	"observation02"	"variable03"	0.28703057509847	0.0692911565536633
1	"observation02"	"variable04"	0.56960431765765	0.0395214416086674
1	"observation02"	"variable05"	0.133121341699734	0.021073367097415
1	"observation02"	"variable06"	0.145338848000392	0.0232034740503877
1	"observation02"	"variable07"	0.250184851232916	0.0356929647037759
1	"observation02"	"variable08"	0.935477923601866	0.0218788872007281
1	"observation02"	"variable09"	0.466835246654227	0.0934126846026629
1	"observation02"	"variable10"	0.923446538392454	0.0410748026100919
1	"observation03"	"variable01"	0.463407033821568	0.0452352316584438
1	"observation03"	"variable02"	0.539896316127852	0.0830212448490784
1	"observation03"	"variable03"	0.855662239249796	0.0995143154868856
1	"observation03"	"variable04"	0.895100468304008	0.0571136611979455
1	"observation03"	"variable05"	0.249935400672257	0.0868486623512581
1	"observation03"	"variable06"	0.216227666009218	0.0119039312470704
1	"observation03"	"variable07"	0.629845280200243	0.0885600862326101
1	"observation03"	"variable08"	0.475777359679341	0.0415772839216515
1	"observation03"	"variable09"	0.553536084713414	0.0757956996327266
1	"observation03"	"variable10"	0.645780548918992	0.0093192629981786
1	"observation04"	"variable01"	0.314002679428086	0.00721509482245892
1	"observation04"	"variable02"	0.353730601724237	0.066357871494256
1	"observation04"	"variable03"	0.889538829913363	0.0488529466325417
1	"observation04"	"variable04"	0.409873417345807	0.00183610795065761
1	"observation04"	"variable05"	0.0709099636878818	0.0637053024722263
1	"observation04"	"variable06"	0.216917854966596	0.018951216712594
1	"observation04"	"variable07"	0.146594221238047	0.0683466017479077
1	"observation04"	"variable08"	0.158840273972601	0.0371404282050207
1	"observation04"	"variable09"	0.848610745510086	0.097840893547982
1	"observation04"	"variable10"	0.237532660597935	0.0153970557264984
1	"observation05"	"variable01"	0.150319003500044	0.0524489211384207
1	"observation05"	"variable02"	0.81257269741036	0.0893912744009867
1	"observation05"	"variable03"	0.699855812359601	0.00963872293941677
1	"observation05"	"variable04"	0.631642889697105	0.00115102001000196
1	"observation05"	"variable05"	0.248657367192209	0.0778923735255376
1	"observation05"	"variable06"	0.813319868408144	0.0500977579271421
1	"observation05"	"variable07"	0.502861059969291	0.00338926613330841
1	"observation05"	"variable08"	0.780359637457877	0.0118829055223614
1	"observation05"	"variable09"	0.918698735069484	0.0366983809275553
1	"observation05"	"variable10"	0.898950846167281	0.0693975171307102
1	"observation06"	"variable01"	0.161517315078527	0.0643502509221435
1	"observation06"	"variable02"	0.501906713936478	0.0855250141816214
1	"observation06"	"variable03"	0.91524302540347	0.0667409506393597
1	"observation06"	"variable04"	0.314144700532779	0.0743239020463079
1	"observation06"	"variable05"	0.20904725487344	0.0204262259183452
1	"observation06"	"variable06"	0.905931901186705	0.0670564503641799
1	"observation06"	"variable07"	0.7546937528532	0.0559706991771236
1	"observation06"	"variable08"	0.190958048915491	0.07088864648249
1	"observation06"	"variable09"	0.661565610440448	0.0167459645308554
1	"observation06"	"variable10"	0.220872917445377	0.000891359429806471
1	"observation07"	"variable01"	0.224929691292346	0.00581667390652001
1	"observation07"	"variable02"	0.494314298965037	0.0610140815144405
1	"observation07"	"variable03"	0.437671977328137	0.0776100614573807
1	"observation07"	"variable04"	0.765973053872585	0.0471862502396107
1	"observation07"	"variable05"	0.0802191905677319	0.0042527615558356
1	"observation07"	"variable06"	0.373771030222997	0.0951270716963336
1	"observation07"	"variable07"	0.624456254532561	0.00664264671504498
1	"observation07"	"variable08"	0.897461583837867	0.0719646101118997
1	"observation07"	"variable09"	0.10907846223563	0.00615362965036184
1	"observation07"	"variable10"	0.156726330518723	0.0587739051319659
1	"observation08"	"variable01"	0.594492541626096	0.00931460279971361
1	"observation08"	"variable02"	0.740779689745978	0.0750183127122
1	"observation08"	"variable03"	0.948570615844801	0.0225212674355134
1	"observation08"	"variable04"	0.740965297678486	0.024703367613256
1	"observation08"	"variable05"	0.308076083660126	0.0900284366216511
1	"observation08"	"variable06"	0.141244534868747	0.060755430185236
1	"observation08"	"variable07"	0.477607530076057	0.0206415637629107
1	"observation08"	"variable08"	0.418171081924811	0.000939998123794794
1	"observation08"	"variable09"	0.87674827571027	0.0911822810070589
1	"observation08"	"variable10"	0.709986573085189	0.0751204615924507
1	"observation09"	"variable01"	0.469165294663981	0.0829117275541648
1	"observation09"	"variable02"	0.956757008098066	0.0266466728178784
1	"observation09"	"variable03"	0.0719407966826111	0.0592655923916027
1	"observation09"	"variable04"	0.484571067616343	0.0405131516512483
1	"observation09"	"variable05"	0.608207908924669	0.0241975299315527
1	"observation09"	"variable06"	0.402987262932584	0.000429961062036455
1	"observation09"	"variable07"	0.692401525331661	0.0794481603195891
1	"observation09"	"variable08"	0.678287363378331	0.0521845884388313
1	"observation09"	"variable09"	0.444139000726864	0.00493929577060044
1	"observation09"	"variable10"	0.225077584153041	0.0678160839015618
1	"observation10"	"variable01"	0.409353389404714	0.0560509494272992
1	"observation10"	"variable02"	0.78063520998694	0.00017231700476259
1	"observation10"	"variable03"	0.522555234376341	0.00372048898134381
1	"observation10"	"variable04"	0.812043824698776	0.0943398942472413
1	"observation10"	"variable05"	0.971589697990566	0.0494978823000565
1	"observation10"	"variable06"	0.255131744779646	0.0933208955451846
1	"observation10"	"variable07"	0.472372149117291	0.0576364039210603
1	"observation10"	"variable08"	0.38185491762124	0.00219657600391656
1	"observation10"	"variable09"	0.845645011402667	0.0239692843519151
1	"observation10"	"variable10"	0.0755993439815938	0.00805921442806721
2	"observation01"	"variable01"	0.74961878801696	0.0820373391034082
2	"observation01"	"variable02"	0.409133134176955	0.0237892911303788
2	"observation01"	"variable03"	0.522029146552086	0.0705000568879768
2	"observation01"	"variable04"	0.35004586330615	0.0777106722118333
2	"observation01"	"variable05"	0.999405001522973	0.0632987558143213
2	"observation01"	"variable06"	0.29391185590066	0.0259229404618964
2	"observation01"	"variable07"	0.975440983194858	0.0918678487185389
2	"observation01"	"variable08"	0.366152396891266	0.058988898457028
2	"observation01"	"variable09"	0.138954696245492	0.0466521879658103
2	"observation01"	"variable10"	0.507864157902077	0.0592278438154608
2	"observation02"	"variable01"	0.537089531542733	0.0281343265203759
2	"observation02"	"variable02"	0.0345613847021013	0.0161321661900729
2	"observation02"	"variable03"	0.676755148917437	0.0355913899140433
2	"observation02"	"variable04"	0.470122361788526	0.0440905380062759
2	"observation02"	"variable05"	0.187544232001528	0.0240059999749064
2	"observation02"	"variable06"	0.645578961353749	0.0315060418564826
2	"observation02"	"variable07"	0.929712956072763	0.00401556231081486
2	"observation02"	"variable08"	0.363040033960715	0.0665627166163176
2	"observation02"	"variable09"	0.569484632927924	0.0583188947755843
2	"observation02"	"variable10"	0.495802239747718	0.0284531969577074
2	"observation03"	"variable01"	0.744206638541073	0.098858947167173
2	"observation03"	"variable02"	0.951836710097268	0.0541424899129197
2	"observation03"	"variable03"	0.91815774794668	0.0570760593051091
2	"observation03"	"variable04"	0.646267395233735	0.0167446094565094
2	"observation03"	"variable05"	0.786984505131841	0.0489956321194768
2	"observation03"	"variable06"	0.769697776297107	0.0428453672211617
2	"observation03"	"variable07"	0.402514364570379	0.0496374043403193
2	"observation03"	"variable08"	0.766089618671685	0.0477548486320302
2	"observation03"	"variable09"	0.360697034746408	0.00588288998696953
2	"observation03"	"variable10"	0.649420892586932	0.0549895024625585
2	"observation04"	"variable01"	0.607190319336951	0.0669468463631347
2	"observation04"	"variable02"	0.512062029913068	0.0170563180465251
2	"observation04"	"variable03"	0.189951428677887	0.0069164177402854
2	"observation04"	"variable04"	0.804388758959249	0.0834200887707993
2	"observation04"	"variable05"	0.741439054720104	0.0521802982548252
2	"observation04"	"variable06"	0.347788901999593	0.0997991802170873
2	"observation04"	"variable07"	0.213789452798665	0.0079861004371196
2	"observation04"	"variable08"	0.592801075195894	0.0433368341764435
2	"observation04"	"variable09"	0.102951345965266	0.0490453216712922
2	"observation04"	"variable10"	0.0620073180180043	0.0595979114295915
2	"observation05"	"variable01"	0.67959002405405	0.0360243478789926
2	"observation05"	"variable02"	0.714785709744319	0.0204254473559558
2	"observation05"	"variable03"	0.939101965399459	0.080259257927537
2	"observation05"	"variable04"	0.539059893926606	0.0159352908842266
2	"observation05"	"variable05"	0.54502142732963	0.0402166577754542
2	"observation05"	"variable06"	0.297348002670333	0.0764990424271673
2	"observation05"	"variable07"	0.259629181819037	0.0720062485197559
2	"observation05"	"variable08"	0.499806907726452	0.0174362073186785
2	"observation05"	"variable09"	0.413939950289205	0.0610218312824145
2	"observation05"	"variable10"	0.903975900495425	0.000599473901093006
2	"observation06"	"variable01"	0.621549436124042	0.0834726907080039
2	"observation06"	"variable02"	0.953683113446459	0.0710917383199558
2	"observation06"	"variable03"	0.319789566332474	0.0515164798125625
2	"observation06"	"variable04"	0.400608711875975	0.0776696375338361
2	"observation06"	"variable05"	0.0300993125420064	0.0848039606586099
2	"observation06"	"variable06"	0.27179538900964	0.0489784057252109
2	"observation06"	"variable07"	0.00819393340498209	0.0489902229979634
2	"observation06"	"variable08"	0.843695657327771	0.0285649708006531
2	"observation06"	"variable09"	0.750516187632456	0.0780712146311998
2	"observation06"	"variable10"	0.281399593222886	0.0344373579137027
2	"observation07"	"variable01"	0.42228199262172	0.0417928479844704
2	"observation07"	"variable02"	0.571237932890654	0.000147587968967855
2	"observation07"	"variable03"	0.085341923404485	0.0340772612951696
2	"observation07"	"variable04"	0.0350791192613542	0.0516202225349844
2	"observation07"	"variable05"	0.915843960130587	0.0555676984833553
2	"observation07"	"variable06"	0.738542299950495	0.0418505834415555
2	"observation07"	"variable07"	0.719528020592406	0.0977654552087188
2	"observation07"	"variable08"	0.231563342968002	0.0599510912550613
2	"observation07"	"variable09"	0.903340575285256	0.00300765787251294
2	"observation07"	"variable10"	0.443858505692333	0.0331869999412447
2	"observation08"	"variable01"	0.624552168650553	0.0261925411876291
2	"observation08"	"variable02"	0.852647875901312	0.0241584379924461
2	"observation08"	"variable03"	0.484427164308727	0.0268553087953478
2	"observation08"	"variable04"	0.239669068017974	0.0170403461903334
2	"observation08"	"variable05"	0.599339276086539	0.0940521185053513
2	"observation08"	"variable06"	0.900402775267139	0.0579215390142053
2	"observation08"	"variable07"	0.748991298489273	0.00163057136815041
2	"observation08"	"variable08"	0.46546515612863	0.0681052927859127
2	"observation08"	"variable09"	0.770114036742598	0.0555789891630411
2	"observation08"	"variable10"	0.21707775304094	0.0577727368101478
2	"observation09"	"variable01"	0.681816349271685	0.022122752526775
2	"observation09"	"variable02"	0.0611389696132392	0.0497347552096471
2	"observation09"	"variable03"	0.577005654806271	0.0463044570293278
2	"observation09"	"variable04"	0.406292881350964	0.0312219323124737
2	"observation09"	"variable05"	0.56605928670615	0.0329663485521451
2	"observation09"	"variable06"	0.903397057438269	0.044403836899437
2	"observation09"	"variable07"	0.934397208504379	0.0335202589863911
2	"observation09"	"variable08"	0.516752616968006	0.0401163335423917
2	"observation09"	"variable09"	0.806032808264717	0.00574854000005871
2	"observation09"	"variable10"	0.387459779391065	0.0744308862835169
2	"observation10"	"variable01"	0.632583059137687	0.0309552807593718
2	"observation10"	"variable02"	0.200859705917537	0.0620223083999008
2	"observation10"	"variable03"	0.183338080300018	0.0625410638749599
2	"observation10"	"variable04"	0.660484442487359	0.0658549530431628
2	"observation10"	"variable05"	0.250599368708208	0.0147470521740615
2	"observation10"	"variable06"	0.904524794779718	0.0304896408226341
2	"observation10"	"variable07"	0.496530584525317	0.0419500174000859
2	"observation10"	"variable08"	0.984802992781624	0.0720424463041127
2	"observation10"	"variable09"	0.41030775825493	0.0344872363144532
2	"observation10"	"variable10"	0.388267514761537	0.0484818952390924
3	"observation01"	"variable01"	0.274574026698247	0.0180767804849893
3	"observation01"	"variable02"	0.853180559817702	0.0547478869790211
3	"observation01"	"variable03"	0.0583034232258797	0.00368001225870103
3	"observation01"	"variable04"	0.825527571607381	0.00155830455478281
3	"observation01"	"variable05"	0.484440392581746	0.0309535292675719
3	"observation01"	"variable06"	0.435088989790529	0.0368291971506551
3	"observation01"	"variable07"	0.441449654987082	0.0816804755944759
3	"observation01"	"variable08"	0.315371001139283	0.0845907665323466
3	"observation01"	"variable09"	0.151464188704267	0.056834010547027
3	"observation01"	"variable10"	0.197911877650768	0.0631994335213676
3	"observation02"	"variable01"	0.184195440961048	0.0768918294459581
3	"observation02"	"variable02"	0.967743786051869	0.021440527192317
3	"observation02"	"variable03"	0.667765144258738	0.0482315799919888
3	"observation02"	"variable04"	0.208930933615193	0.0235949280904606
3	"observation02"	"variable05"	0.369208942400292	0.0111348855542019
3	"observation02"	"variable06"	0.823249241570011	0.0522647998528555
3	"observation02"	"variable07"	0.850627786945552	0.065998632623814
3	"observation02"	"variable08"	0.691458723973483	0.031717986590229
3	"observation02"	"variable09"	0.579706389922649	0.010993169574067
3	"observation02"	"variable10"	0.513884131563827	0.0409097173949704
3	"observation03"	"variable01"	0.569171580253169	0.0494132977677509
3	"observation03"	"variable02"	0.0840101703070104	0.084701222833246
3	"observation03"	"variable03"	0.427337453933433	0.0631600348744541
3	"observation03"	"variable04"	0.672342055477202	0.0460921368561685
3	"observation03"	"variable05"	0.443025609245524	0.0677715275902301
3	"observation03"	"variable06"	0.731026896042749	0.0695777819259092
3	"observation03"	"variable07"	0.418561156373471	0.0558305124053732
3	"observation03"	"variable08"	0.977859862148762	0.0141454681986943
3	"observation03"	"variable09"	0.940311855170876	0.000362435798160732
3	"observation03"	"variable10"	0.243837762158364	0.00230654005426913
3	"observation04"	"variable01"	0.984797943383455	0.0109334687935188
3	"observation04"	"variable02"	0.824991495115682	0.0475879424950108
3	"observation04"	"variable03"	0.854544204892591	0.0487815808737651
3	"observation04"	"variable04"	0.152520390460268	0.0344040642725304
3	"observation04"	"variable05"	0.537662220885977	0.0531091087963432
3	"observation04"	"variable06"	0.866365600610152	0.0121583125786856
3	"observation04"	"variable07"	0.321807669242844	0.0666896988404915
3	"observation04"	"variable08"	0.414880597265437	0.0926332781556994
3	"observation04"	"variable09"	0.730332684470341	0.0424838980194181
3	"observation04"	"variable10"	0.795696303946897	0.058751510316506
3	"observation05"	"variable01"	0.382925832644105	0.00635663671419024
3	"observation05"	"variable02"	0.856521702371538	0.0541315294802189
3	"observation05"	"variable03"	0.190545201068744	0.0936645532725379
3	"observation05"	"variable04"	0.4673563959077	0.0845070531591773
3	"observation05"	"variable05"	0.0723670599982142	0.0662349208956584
3	"observation05"	"variable06"	0.144257351057604	0.0804381289286539
3	"observation05"	"variable07"	0.312690338818356	0.0917114442447201
3	"observation05"	"variable08"	0.924699486931786	0.0206478694686666
3	"observation05"	"variable09"	0.288172752829269	0.0555731230415404
3	"observation05"	"variable10"	0.987167472252622	0.054357223212719
3	"observation06"	"variable01"	0.0319799624849111	0.0364012033445761
3	"observation06"	"variable02"	0.266298008384183	0.0811754169175401
3	"observation06"	"variable03"	0.956216929480433	0.0564665255369619
3	"observation06"	"variable04"	0.785676462110132	0.06095374613069
3	"observation06"	"variable05"	0.892805635929108	0.0698602400021628
3	"observation06"	"variable06"	0.927503848681226	0.0574954984243959
3	"observation06"	"variable07"	0.496878087287769	0.0120508323423564
3	"observation06"	"variable08"	0.991520192706957	0.0241820889059454
3	"observation06"	"variable09"	0.197181261144578	0.0783869091654196
3	"observation06"	"variable10"	0.819795835996047	0.0555248519405723
3	"observation07"	"variable01"	0.0415282126050442	0.0717338006477803
3	"observation07"	"variable02"	0.281831022584811	0.0786724049830809
3	"observation07"	"variable03"	0.0875584650784731	0.0335714824963361
3	"observation07"	"variable04"	0.0227363740559667	0.0872529209591448
3	"observation07"	"variable05"	0.886085552163422	0.0870235629379749
3	"observation07"	"variable06"	0.0561249947641045	0.06779732236173
3	"observation07"	"variable07"	0.679586268495768	0.0584817152004689
3	"observation07"	"variable08"	0.911295951576903	0.0829143516719341
3	"observation07"	"variable09"	0.177863355958834	0.0309860379900783
3	"observation07"	"variable10"	0.721195188118145	0.0902793262619525
3	"observation08"	"variable01"	0.974168638465926	0.0946981337852776
3	"observation08"	"variable02"	0.0559748406521976	0.0205107969464734
3	"observation08"	"variable03"	0.11891078716144	0.0677867911988869
3	"observation08"	"variable04"	0.207694822456688	0.0755520284175873
3	"observation08"	"variable05"	0.506104053929448	0.0231184908188879
3	"observation08"	"variable06"	0.946478548692539	0.0561960550490767
3	"observation08"	"variable07"	0.58934562583454	0.0756619123043493
3	"observation08"	"variable08"	0.845663621090353	0.0296992575051263
3	"observation08"	"variable09"	0.600795173551887	0.0796041522407904
3	"observation08"	"variable10"	0.974994694348425	0.0533528719330207
3	"observation09"	"variable01"	0.879468922270462	0.0610723213059828
3	"observation09"	"variable02"	0.888414786430076	0.0452782807406038
3	"observation09"	"variable03"	0.312183000380173	0.0401072570122778
3	"observation09"	"variable04"	0.400249585742131	0.058462361805141
3	"observation09"	"variable05"	0.26452962285839	0.0680341667495668
3	"observation09"	"variable06"	0.838386634131894	0.097753589367494
3	"observation09"	"variable07"	0.10967425419949	0.0951982309808955
3	"observation09"	"variable08"	0.906444853171706	0.0482068087439984
3	"observation09"	"variable09"	0.691817683167756	0.0830438922159374
3	"observation09"	"variable10"	0.036518971901387	0.0576298617292196
3	"observation10"	"variable01"	0.164029030362144	0.0398317163810134
3	"observation10"	"variable02"	0.463832842651755	0.0446543976664543
3	"observation10"	"variable03"	0.060711209429428	0.0951826318632811
3	"observation10"	"variable04"	0.366550288861617	0.0394599578343332
3	"observation10"	"variable05"	0.174978448310867	0.0651494497898966
3	"observation10"	"variable06"	0.759142730152234	0.0673222321318463
3	"observation10"	"variable07"	0.512066941009834	0.0367191593628377
3	"observation10"	"variable08"	0.400323526468128	0.066191945807077
3	"observation10"	"variable09"	0.548765121493489	0.0871087540872395
3	"observation10"	"variable10"	0.992566389031708	0.0820728186750785
4	"observation01"	"variable01"	0.883295497158542	0.0607985459268093
4	"observation01"	"variable02"	0.646950473543257	0.034768999950029
4	"observation01"	"variable03"	0.0630313518922776	0.00751193750184029
4	"observation01"	"variable04"	0.566335557727143	0.0613284709863365
4	"observation01"	"variable05"	0.724162608850747	0.0393840241711587
4	"observation01"	"variable06"	0.392550353426486	0.0164540400495753
4	"observation01"	"variable07"	0.951077717356384	0.0288068969035521
4	"observation01"	"variable08"	0.782566612353548	0.0548226800281554
4	"observation01"	"variable09"	0.324432014953345	0.0146968756103888
4	"observation01"	"variable10"	0.877850823337212	0.0633059462765232
4	"observation02"	"variable01"	0.938503116602078	0.0949965727515519
4	"observation02"	"variable02"	0.43827130435966	0.032555687171407
4	"observation02"	"variable03"	0.833995606983081	0.0613730916054919
4	"observation02"	"variable04"	0.707990697817877	0.0260764162521809
4	"observation02"	"variable05"	0.541375254280865	0.0485603607259691
4	"observation02"	"variable06"	0.358088874490932	0.0374101122608408
4	"observation02"	"variable07"	0.882950973464176	0.049283096077852
4	"observation02"	"variable08"	0.22240631096065	0.0712349951267243
4	"observation02"	"variable09"	0.0126392128877342	0.0866413654293865
4	"observation02"	"variable10"	0.992700625909492	0.0348608827916905
4	"observation03"	"variable01"	0.635545720579103	0.00317843677476048
4	"observation03"	"variable02"	0.278142299037427	0.0625525151379406
4	"observation03"	"variable03"	0.624736296012998	0.0457354818237945
4	"observation03"	"variable04"	0.390021718572825	0.0312262789346278
4	"observation03"	"variable05"	0.487431998131797	0.0699779267190024
4	"observation03"	"variable06"	0.612907000351697	0.0646436518291011
4	"observation03"	"variable07"	0.410605961689726	0.0862331158015877
4	"observation03"	"variable08"	0.968637156300247	0.0235685917781666
4	"observation03"	"variable09"	0.44469398399815	0.0494883748004213
4	"observation03"	"variable10"	0.663669965462759	0.0916038028663024
4	"observation04"	"variable01"	0.227155453758314	0.0958630001405254
4	"observation04"	"variable02"	0.914424374466762	0.0663275204598904
4	"observation04"	"variable03"	0.0424296597484499	0.0157135194865987
4	"observation04"	"variable04"	0.941518197534606	0.00484822108410299
4	"observation04"	"variable05"	0.551105485996231	0.0709278790047392
4	"observation04"	"variable06"	0.589262410998344	0.0631067735608667
4	"observation04"	"variable07"	0.0614431728608906	0.0498692814726382
4	"observation04"	"variable08"	0.330122005427256	0.0790640586288646
4	"observation04"	"variable09"	0.276013790629804	0.0146538678556681
4	"observation04"	"variable10"	0.587451215367764	0.0410636747721583
4	"observation05"	"variable01"	0.64350919960998	0.0258153839036822
4	"observation05"	"variable02"	0.569577302550897	0.0170889150118455
4	"observation05"	"variable03"	0.59382786299102	0.0732169074937701
4	"observation05"	"variable04"	0.631912918994203	0.0120820062467828
4	"observation05"	"variable05"	0.683459393680096	0.0384412685176358
4	"observation05"	"variable06"	0.849848778685555	0.0617130879545584
4	"observation05"	"variable07"	0.597430729772896	0.0785407457500696
4	"observation05"	"variable08"	0.619128838414326	0.065487383143045
4	"observation05"	"variable09"	0.018902141135186	0.0259071691893041
4	"observation05"	"variable10"	0.991373437689617	0.0443071890156716
4	"observation06"	"variable01"	0.2049717430491	0.010095421015285
4	"observation06"	"variable02"	0.433840424753726	0.0276266823988408
4	"observation06"	"variable03"	0.0268825304228812	0.0984645069111139
4	"observation06"	"variable04"	0.324402679689229	0.0362314675934613
4	"observation06"	"variable05"	0.33493597432971	0.0151354166213423
4	"observation06"	"variable06"	0.772814532974735	0.0607209637062624
4	"observation06"	"variable07"	0.474255052860826	0.057705793553032
4	"observation06"	"variable08"	0.427676106104627	0.0985974349314347
4	"observation06"	"variable09"	0.693509002681822	0.0614147047977895
4	"observation06"	"variable10"	0.41662702197209	0.0751779470127076
4	"observation07"	"variable01"	0.698763955151662	0.037529680901207
4	"observation07"	"variable02"	0.413326252950355	0.0537289340049028
4	"observation07"	"variable03"	0.234802379738539	0.0976011290913448
4	"observation07"	"variable04"	0.194603727199137	0.0522491666022688
4	"observation07"	"variable05"	0.617775193415582	0.0708052057074383
4	"observation07"	"variable06"	0.69846929772757	0.0190081531414762
4	"observation07"	"variable07"	0.33584679174237	0.0450399550609291
4	"observation07"	"variable08"	0.425408686744049	0.0286576468031853
4	"observation07"	"variable09"	0.939433406572789	0.0522648471873254
4	"observation07"	"variable10"	0.611802683444694	0.0667863552924246
4	"observation08"	"variable01"	0.0112382853403687	0.0676148788304999
4	"observation08"	"variable02"	0.430894086137414	0.0527522537391633
4	"observation08"	"variable03"	0.919881720561534	0.0168929922860116
4	"observation08"	"variable04"	0.462368026841432	0.0777634537313134
4	"observation08"	"variable05"	0.807356787147	0.0200868848478422
4	"observation08"	"variable06"	0.0935414505656809	0.0312864114763215
4	"observation08"	"variable07"	0.872533805202693	0.0431449815630913
4	"observation08"	"variable08"	0.695740643888712	0.0556643175659701
4	"observation08"	"variable09"	0.361305371392518	0.035532010672614
4	"observation08"	"variable10"	0.718297197250649	0.0780244251247496
4	"observation09"	"variable01"	0.365306145977229	0.00866219045128673
4	"observation09"	"variable02"	0.158971771597862	0.0696837111841887
4	"observation09"	"variable03"	0.133895754581317	0.0697207299992442
4	"observation09"	"variable04"	0.0598602830432355	0.0667440972523764
4	"observation09"	"variable05"	0.865004916442558	0.0433852606220171
4	"observation09"	"variable06"	0.908531682100147	0.0959109449060634
4	"observation09"	"variable07"	0.321325787808746	0.0720703747589141
4	"observation09"	"variable08"	0.692652446683496	0.0748958600917831
4	"observation09"	"variable09"	0.509581458754838	0.00614402326755226
4	"observation09"	"variable10"	0.127518697408959	0.0827644227771089
4	"observation10"	"variable01"	0.743362156441435	0.04527595594991
4	"observation10"	"variable02"	0.581310309702531	0.0177446232642978
4	"observation10"	"variable03"	0.0791204755660146	0.0877696575596929
4	"observation10"	"variable04"	0.608365090563893	0.0611535093281418
4	"observation10"	"variable05"	0.157045492203906	0.017783186212182
4	"observation10"	"variable06"	0.399142824811861	0.0792866149218753
4	"observation10"	"variable07"	0.69293812289834	0.0872532419627532
4	"observation10"	"variable08"	0.906432503135875	0.0122330002021045
4	"observation10"	"variable09"	0.42536874092184	0.0963302957825363
4	"observation10"	"variable10"	0.349262351635844	0.0921907912939787
5	"observation01"	"variable01"	0.722769379848614	0.0107369516044855
5	"observation01"	"variable02"	0.982146124355495	0.0418429653858766
5	"observation01"	"variable03"	0.770052330102772	0.0428310913499445
5	"observation01"	"variable04"	0.249665791168809	0.082566858897917
5	"observation01"	"variable05"	0.157941504847258	0.0797514797886834
5	"observation01"	"variable06"	0.548554844688624	0.00310732040088624
5	"observation01"	"variable07"	0.828189687104896	0.0161768396617845
5	"observation01"	"variable08"	0.908372490201145	0.0882653332781047
5	"observation01"	"variable09"	0.0803013239055872	0.0132516052108258
5	"observation01"	"variable10"	0.0998103173915297	0.046823542076163
5	"observation02"	"variable01"	0.816319362958893	0.0517787133110687
5	"observation02"	"variable02"	0.728149938862771	0.0754633376840502
5	"observation02"	"variable03"	0.342015472706407	0.0334735487354919
5	"observation02"	"variable04"	0.696964787784964	0.097216485789977
5	"observation02"	"variable05"	0.3054274097085	0.0649455005535856
5	"observation02"	"variable06"	0.84621752332896	0.0780854319455102
5	"observation02"	"variable07"	0.312264860840514	0.0311190086649731
5	"observation02"	"variable08"	0.4332973388955	0.0160377640509978
5	"observation02"	"variable09"	0.299816973507404	0.0289597485680133
5	"observation02"	"variable10"	0.510585722979158	0.0832669531926513
5	"observation03"	"variable01"	0.715005452744663	0.0696273862849921
5	"observation03"	"variable02"	0.322549364296719	0.0433256193296984
5	"observation03"	"variable03"	0.140456561231986	0.019104403606616
5	"observation03"	"variable04"	0.982503974344581	0.0147292424691841
5	"observation03"	"variable05"	0.135090731084347	0.0441998697351664
5	"observation03"	"variable06"	0.800965929403901	0.0314649796346202
5	"observation03"	"variable07"	0.234795497497544	0.00228869677521288
5	"observation03"	"variable08"	0.809889448806643	0.0231013668235391
5	"observation03"	"variable09"	0.0789734898135066	0.000991500448435545
5	"observation03"	"variable10"	0.40492856525816	0.0340067476499826
5	"observation04"	"variable01"	0.894328924128786	0.0800965227652341
5	"observation04"	"variable02"	0.0610670682508498	0.084991514752619
5	"observation04"	"variable03"	0.310894984519109	0.0321682937210426
5	"observation04"	"variable04"	0.611921856412664	0.0193869843380526
5	"observation04"	"variable05"	0.818079985678196	0.0578122907783836
5	"observation04"	"variable06"	0.511752874357626	0.0861336648697034
5	"observation04"	"variable07"	0.425601092400029	0.0623465337790549
5	"observation04"	"variable08"	0.690751192392781	0.00810471090953797
5	"observation04"	"variable09"	0.19808833883144	0.0753901455318555
5	"observation04"	"variable10"	0.85649806028232	0.031170735671185
5	"observation05"	"variable01"	0.460248731542379	0.0356676582014188
5	"observation05"	"variable02"	0.787468493683264	0.044739700993523
5	"observation05"	"variable03"	0.789620698895305	0.0838423604844138
5	"observation05"	"variable04"	0.692153562093154	0.0893295080401003
5	"observation05"	"variable05"	0.571520109893754	0.044458876317367
5	"observation05"	"variable06"	0.834418215788901	0.0274033164372668
5	"observation05"	"variable07"	0.299254559446126	0.00987036777660251
5	"observation05"	"variable08"	0.616500836797059	0.0344440820394084
5	"observation05"	"variable09"	0.279000252950937	0.0413936246186495
5	"observation05"	"variable10"	0.223233312834054	0.0655285088345409
5	"observation06"	"variable01"	0.24781610770151	0.0542740154778585
5	"observation06"	"variable02"	0.561772695276886	0.0795970561914146
5	"observation06"	"variable03"	0.1895024725236	0.0158056693850085
5	"observation06"	"variable04"	0.0379013484343886	0.0909737894311547
5	"observation06"	"variable05"	0.204094641841948	0.0644223551033065
5	"observation06"	"variable06"	0.0458265691995621	0.047620427259244
5	"observation06"	"variable07"	0.736575298011303	0.0328765018377453
5	"observation06"	"variable08"	0.524987517623231	0.0558682460803539
5	"observation06"	"variable09"	0.208537337603047	0.064974054414779
5	"observation06"	"variable10"	0.653925692895427	0.0389267364051193
5	"observation07"	"variable01"	0.0919231718871742	0.0688995223492384
5	"observation07"	"variable02"	0.0872511775232852	0.0347115756710991
5	"observation07"	"variable03"	0.593151378678158	0.0688651708187535
5	"observation07"	"variable04"	0.0660207539331168	0.00461578641552478
5	"observation07"	"variable05"	0.251062977360561	0.0960468879900873
5	"observation07"	"variable06"	0.946929437573999	0.0101829350460321
5	"observation07"	"variable07"	0.865685945376754	0.0885644138092175
5	"observation07"	"variable08"	0.0375394376460463	0.0141456758370623
5	"observation07"	"variable09"	0.253457263112068	0.0755288982996717
5	"observation07"	"variable10"	0.841766020050272	0.0249979960499331
5	"observation08"	"variable01"	0.900153368944302	0.00234615455847234
5	"observation08"	"variable02"	0.427514009876177	0.0636854880256578
5	"observation08"	"variable03"	0.55650693224743	0.0489840900059789
5	"observation08"	"variable04"	0.480616819346324	0.0352315409807488
5	"observation08"	"variable05"	0.486118691507727	0.0645807589171454
5	"observation08"	"variable06"	0.571240526391193	0.0776215497171506
5	"observation08"	"variable07"	0.848367621656507	0.076951542426832
5	"observation08"	"variable08"	0.334503111196682	0.041503862477839
5	"observation08"	"variable09"	0.668560284655541	0.034631331381388
5	"observation08"	"variable10"	0.546501269796863	0.0304732605814934
5	"observation09"	"variable01"	0.578477366827428	0.0411836306797341
5	"observation09"	"variable02"	0.0948448441922665	0.0438085078028962
5	"observation09"	"variable03"	0.654624444898218	0.0741968907183036
5	"observation09"	"variable04"	0.952731798402965	0.0526979569811374
5	"observation09"	"variable05"	0.758948080940172	0.0142948494525626
5	"observation09"	"variable06"	0.511996682034805	0.0209898980567232
5	"observation09"	"variable07"	0.268822649260983	0.0823612168198452
5	"observation09"	"variable08"	0.864629852585495	0.0256148874992505
5	"observation09"	"variable09"	0.00156861613504589	0.045350833167322
5	"observation09"	"variable10"	0.241374568780884	0.0726760774385184
5	"observation10"	"variable01"	0.882484921021387	0.0201339370338246
5	"observation10"	"variable02"	0.523676161887124	0.0683000726159662
5	"observation10"	"variable03"	0.420766916824505	0.0957917625783011
5	"observation10"	"variable04"	0.319500122452155	0.071807479695417
5	"observation10"	"variable05"	0.26854773121886	0.0642626482294872
5	"observation10"	"variable06"	0.185722819529474	0.0368215593742207
5	"observation10"	"variable07"	0.731947595020756	0.0149001983460039
5	"observation10"	"variable08"	0.859968403354287	0.0824052668409422
5	"observation10"	"variable09"	0.624027351150289	0.059801066853106
5	"observation10"	"variable10"	0.693707557860762	0.0765631969552487
